{
    "Clean the kitchen floor, clean the oven": {
        "Clean kitchen": 0.4114903756559629,
        "Teach basic cooking": 0.5400443342187347,
        "Maintain laundry": 0.7098476690343414,
        "Clean outdoor seating": 0.7201474316665692,
        "Chinese gourmet cuisine": 0.7224804634871483,
        "Baby care": 0.7369381560523706,
        "Do painting work": 0.7620721071409372,
        "Advise child care": 0.7766290371117293,
        "Look after toddlers": 0.7885816052576566,
        "Cultivate garden": 0.7955430588849335,
        "Do shopping": 0.8040926055600448,
        "Walk a dog": 0.8041210729849682,
        "Sewing": 0.8131112243169888,
        "Dog training": 0.8259474417952576,
        "Carry out transports": 0.853290240266779,
        "Provide knowledge of wine": 0.8602250571456258
    },
    "Kitchen work": {
        "Clean kitchen": 0.23861247301101685,
        "Do painting work": 0.37154316902160645,
        "Teach basic cooking": 0.46667391061782837,
        "Maintain laundry": 0.5506649315357208,
        "Sewing": 0.592497855424881,
        "Cultivate garden": 0.6303290724754333,
        "Do shopping": 0.6492873430252075,
        "Chinese gourmet cuisine": 0.6641086935997009,
        "Clean outdoor seating": 0.688202828168869,
        "Advise child care": 0.7127910852432251,
        "Baby care": 0.7138584852218628,
        "Dog training": 0.741555243730545,
        "Provide knowledge of wine": 0.7448079298257658,
        "Look after toddlers": 0.7496411502361298,
        "Walk a dog": 0.7857586146765475,
        "Carry out transports": 0.8661303520202637
    },
    "Teaching children to cook": {
        "Teach basic cooking": 0.235910518094138,
        "Clean kitchen": 0.5095015551131079,
        "Chinese gourmet cuisine": 0.536184722258608,
        "Sewing": 0.6120374802641562,
        "Do painting work": 0.6179576698842648,
        "Advise child care": 0.6372171143493953,
        "Cultivate garden": 0.640651103722872,
        "Baby care": 0.6607324089209705,
        "Maintain laundry": 0.7074349581942327,
        "Do shopping": 0.7148975975709779,
        "Look after toddlers": 0.7175639771140842,
        "Walk a dog": 0.7390984886454219,
        "Dog training": 0.7566405461737034,
        "Provide knowledge of wine": 0.7643612758675588,
        "Clean outdoor seating": 0.8403517339163211,
        "Carry out transports": 0.8651956113515837
    },
    "Asian gourmet cuisine": {
        "Chinese gourmet cuisine": 0.037146151065826416,
        "Provide knowledge of wine": 0.5264689001758178,
        "Teach basic cooking": 0.5445300340652466,
        "Clean kitchen": 0.7000772356987,
        "Do shopping": 0.7470619380474091,
        "Cultivate garden": 0.7513654083013535,
        "Clean outdoor seating": 0.7623248547315598,
        "Walk a dog": 0.8144729984654095,
        "Sewing": 0.8328530192375183,
        "Dog training": 0.85184645652771,
        "Do painting work": 0.8543741106987,
        "Maintain laundry": 0.8561215102672577,
        "Baby care": 0.8562234044075012,
        "Look after toddlers": 0.8921150788664818,
        "Advise child care": 0.8947274014353752,
        "Carry out transports": 0.9079338163137436
    },
    "Free the pergola of dirt": {
        "Clean kitchen": 0.6738085207256522,
        "Cultivate garden": 0.6929370983224792,
        "Clean outdoor seating": 0.7027537735344256,
        "Walk a dog": 0.7341977086496575,
        "Do painting work": 0.7787841883713029,
        "Dog training": 0.7822898278128827,
        "Teach basic cooking": 0.7852686549086402,
        "Maintain laundry": 0.7883275414535863,
        "Look after toddlers": 0.7976562129115214,
        "Baby care": 0.8197583829473893,
        "Chinese gourmet cuisine": 0.8322987980101048,
        "Advise child care": 0.8675487543469664,
        "Sewing": 0.8768560281179075,
        "Carry out transports": 0.8840852910272994,
        "Do shopping": 0.8856937738978068,
        "Provide knowledge of wine": 0.8931865177588418
    },
    "Mow and fertilize English lawn": {
        "Cultivate garden": 0.4687932881318647,
        "Clean outdoor seating": 0.6580495115081155,
        "Clean kitchen": 0.6676341099887902,
        "Walk a dog": 0.7141205637524521,
        "Teach basic cooking": 0.7168386892359757,
        "Maintain laundry": 0.729892809337251,
        "Advise child care": 0.7350456356779886,
        "Baby care": 0.7454464444898516,
        "Dog training": 0.7507589917703951,
        "Look after toddlers": 0.7615892846016097,
        "Do painting work": 0.7880209721162772,
        "Do shopping": 0.7988079403005472,
        "Chinese gourmet cuisine": 0.8249470827224685,
        "Sewing": 0.8430927078270145,
        "Provide knowledge of wine": 0.8725961092235237,
        "Carry out transports": 0.9184537066713758
    },
    "Transport the piano": {
        "Teach basic cooking": 0.669708788394928,
        "Do painting work": 0.6764649748802185,
        "Chinese gourmet cuisine": 0.725531131029129,
        "Clean kitchen": 0.730657309293747,
        "Clean outdoor seating": 0.7354704737663269,
        "Sewing": 0.7412055134773254,
        "Carry out transports": 0.7484590113162994,
        "Provide knowledge of wine": 0.7547560902857401,
        "Walk a dog": 0.7803523736967252,
        "Look after toddlers": 0.7862825691699982,
        "Cultivate garden": 0.7906081974506378,
        "Dog training": 0.7983727008104324,
        "Maintain laundry": 0.8030201196670532,
        "Baby care": 0.8090330213308334,
        "Advise child care": 0.8251551985740662,
        "Do shopping": 0.8474597781896591
    },
    "Pick up father in a wheelchair at the nursing home": {
        "Baby care": 0.5472862662659393,
        "Advise child care": 0.5738543976377772,
        "Clean kitchen": 0.628293590737655,
        "Look after toddlers": 0.6436992127659367,
        "Dog training": 0.6652194787879275,
        "Maintain laundry": 0.69327056361017,
        "Walk a dog": 0.6974682397372391,
        "Do shopping": 0.7205932215363366,
        "Teach basic cooking": 0.7426190101912381,
        "Do painting work": 0.7508056894960562,
        "Sewing": 0.775692070751921,
        "Cultivate garden": 0.7979967760778429,
        "Clean outdoor seating": 0.8134612673810608,
        "Carry out transports": 0.850321405834384,
        "Chinese gourmet cuisine": 0.850364437079528,
        "Provide knowledge of wine": 0.8595827447400568
    },
    "Wash and iron table linen": {
        "Clean kitchen": 0.5285589968657035,
        "Sewing": 0.6173972774634939,
        "Maintain laundry": 0.6350404624187596,
        "Clean outdoor seating": 0.6685998445185591,
        "Chinese gourmet cuisine": 0.6871794745014517,
        "Provide knowledge of wine": 0.7155712003937111,
        "Do painting work": 0.7579868114852872,
        "Teach basic cooking": 0.7580032879408181,
        "Baby care": 0.7674573375149452,
        "Advise child care": 0.787511563899907,
        "Cultivate garden": 0.7987523162048409,
        "Do shopping": 0.8267499530246154,
        "Carry out transports": 0.8395818837504249,
        "Walk a dog": 0.8493736980746242,
        "Look after toddlers": 0.8671405314353958,
        "Dog training": 0.8990814323221135
    },
    "Sew sofa cushions out of silk": {
        "Sewing": 0.5320528497559609,
        "Chinese gourmet cuisine": 0.7321113208823452,
        "Provide knowledge of wine": 0.769522962377259,
        "Cultivate garden": 0.7841725776578216,
        "Do painting work": 0.7915974815561087,
        "Maintain laundry": 0.8037446345507748,
        "Clean outdoor seating": 0.8093703779150958,
        "Clean kitchen": 0.8226493368651818,
        "Do shopping": 0.8281026025988574,
        "Carry out transports": 0.845178784748416,
        "Teach basic cooking": 0.859083078384577,
        "Look after toddlers": 0.861823555920039,
        "Baby care": 0.8752866867181874,
        "Advise child care": 0.9110616789041943,