{
    "Clean the kitchen floor, clean the oven": {
        "Clean kitchen": 1.5225466582038996,
        "Clean outdoor seating": 2.459935262103361,
        "Do painting work": 2.9736637725408896,
        "Look after toddlers": 3.0141245500819673,
        "Teach basic cooking": 3.0631500683153834,
        "Maintain laundry": 3.15658829052073,
        "Do shopping": 3.1659521734690284,
        "Carry out transports": 3.2635285423071396,
        "Provide knowledge of wine": 3.384878967870012,
        "Baby care": 3.38963469302845,
        "Advise child care": 3.4089548869332438,
        "Cultivate garden": 3.4740159584278874,
        "Walk a dog": 3.4907505099083576,
        "Dog training": 3.498512114476422,
        "Chinese gourmet cuisine": 3.847153489961009,
        "Sewing": 3.984935614214667
    },
    "Kitchen work": {
        "Clean kitchen": 1.4168353462246657,
        "Do painting work": 2.1230599334463807,
        "Maintain laundry": 2.8652519191259147,
        "Do shopping": 2.8773157883377074,
        "Teach basic cooking": 2.9004442976571037,
        "Look after toddlers": 2.9881078598643676,
        "Cultivate garden": 3.0673873067474364,
        "Baby care": 3.1829663676338193,
        "Dog training": 3.1983317085280416,
        "Provide knowledge of wine": 3.2293166337013965,
        "Carry out transports": 3.2635410868714634,
        "Advise child care": 3.2665259079057387,
        "Walk a dog": 3.272378581438065,
        "Clean outdoor seating": 3.4313210057888077,
        "Sewing": 3.5702672062182423,
        "Chinese gourmet cuisine": 3.6488824557245025
    },
    "Teaching children to cook": {
        "Teach basic cooking": 2.4470676845068833,
        "Advise child care": 2.9760064640139823,
        "Look after toddlers": 3.0328049856112473,
        "Do painting work": 3.211599768543031,
        "Baby care": 3.242801050524753,
        "Clean kitchen": 3.3174201464030095,
        "Do shopping": 3.372439039500897,
        "Dog training": 3.384220664604129,
        "Provide knowledge of wine": 3.4838809920327045,
        "Cultivate garden": 3.570135037745088,
        "Walk a dog": 3.5743556627777835,
        "Maintain laundry": 3.598463710402417,
        "Carry out transports": 3.611524257519296,
        "Sewing": 3.723186670424852,
        "Clean outdoor seating": 3.7945910628340114,
        "Chinese gourmet cuisine": 3.851864532895333
    },
    "Asian gourmet cuisine": {
        "Chinese gourmet cuisine": 0.9897888979292666,
        "Teach basic cooking": 3.73883254135387,
        "Do shopping": 3.7985580297475283,
        "Clean kitchen": 3.8623854292433553,
        "Provide knowledge of wine": 3.8708261500287433,
        "Do painting work": 3.874471427343546,
        "Look after toddlers": 3.9917515431842308,
        "Cultivate garden": 4.092818746055814,
        "Carry out transports": 4.117468610904614,
        "Advise child care": 4.12666447841041,
        "Baby care": 4.144999270202196,
        "Maintain laundry": 4.166081776268089,
        "Walk a dog": 4.166446018802856,
        "Clean outdoor seating": 4.182489280452953,
        "Dog training": 4.189080685545758,
        "Sewing": 4.5414724757616
    },
    "Free the pergola of dirt": {
        "Do painting work": 3.0742704101724514,
        "Look after toddlers": 3.157486784076973,
        "Clean kitchen": 3.280080356316686,
        "Do shopping": 3.292343657031536,
        "Cultivate garden": 3.3553816825909615,
        "Carry out transports": 3.364578056452945,
        "Provide knowledge of wine": 3.4099486365373606,
        "Clean outdoor seating": 3.438159722203223,
        "Teach basic cooking": 3.4479024592435734,
        "Maintain laundry": 3.466124624808073,
        "Advise child care": 3.5062308650821135,
        "Walk a dog": 3.539243696171522,
        "Dog training": 3.540461714152336,
        "Baby care": 3.548446555197,
        "Chinese gourmet cuisine": 3.9291988367581427,
        "Sewing": 4.1521306813430785
    },
    "Mow and fertilize English lawn": {
        "Cultivate garden": 3.603876853441,
        "Do painting work": 3.7790512259368927,
        "Look after toddlers": 3.8919066529649196,
        "Do shopping": 3.897779577522755,
        "Clean kitchen": 3.9055449163596627,
        "Teach basic cooking": 3.9347956118785166,
        "Advise child care": 3.989682067566281,
        "Carry out transports": 3.9981385043230713,
        "Maintain laundry": 4.012871239504338,
        "Walk a dog": 4.013139936713576,
        "Baby care": 4.0401325843784806,
        "Dog training": 4.072971560643673,
        "Clean outdoor seating": 4.116384326075049,
        "Provide knowledge of wine": 4.152825262361514,
        "Chinese gourmet cuisine": 4.368047670756447,
        "Sewing": 4.634100436437606
    },
    "Transport the piano": {
        "Do painting work": 2.88086585506576,
        "Carry out transports": 2.9512426399956095,
        "Look after toddlers": 3.020101553246492,
        "Do shopping": 3.1860164009903165,
        "Teach basic cooking": 3.28360407702792,
        "Provide knowledge of wine": 3.2986200239881684,
        "Clean kitchen": 3.3023449924284143,
        "Advise child care": 3.326996381473974,
        "Baby care": 3.377404743507986,
        "Maintain laundry": 3.404836215008713,
        "Walk a dog": 3.4843214590544527,
        "Dog training": 3.487666625364707,
        "Clean outdoor seating": 3.5694634905190545,
        "Cultivate garden": 3.584888231416317,
        "Chinese gourmet cuisine": 3.8724013594250475,
        "Sewing": 3.948571449096302
    },
    "Pick up father in a wheelchair at the nursing home": {
        "Look after toddlers": 2.823473552147329,
        "Do painting work": 2.9940410394572754,
        "Carry out transports": 3.0333222016940793,
        "Advise child care": 3.072407539040327,
        "Do shopping": 3.0877719644043573,
        "Baby care": 3.1568333023756803,
        "Clean kitchen": 3.197995207909202,
        "Maintain laundry": 3.268011769520247,
        "Teach basic cooking": 3.2944329727680195,
        "Dog training": 3.3063764350979308,
        "Walk a dog": 3.3097461102700745,
        "Provide knowledge of wine": 3.3602918298572977,
        "Clean outdoor seating": 3.467694445307494,
        "Cultivate garden": 3.506435948157408,
        "Chinese gourmet cuisine": 3.9114588573377573,
        "Sewing": 3.9175914164364087
    },
    "Wash and iron table linen": {
        "Clean kitchen": 3.32181333595562,
        "Do painting work": 3.430902977286211,
        "Maintain laundry": 3.5345810279667376,
        "Carry out transports": 3.552057404712358,
        "Look after toddlers": 3.598608458645539,
        "Do shopping": 3.6339057862921957,
        "Teach basic cooking": 3.686769908574159,
        "Advise child care": 3.695230611305989,
        "Clean outdoor seating": 3.7454306262869532,
        "Provide knowledge of wine": 3.7625332400917086,
        "Baby care": 3.7708507492561343,
        "Walk a dog": 3.7908168629894257,
        "Cultivate garden": 3.8767600467618704,
        "Dog training": 3.935924042209625,
        "Sewing": 4.087495367154479,
        "Chinese gourmet cuisine": 4.115403000487708
    },
    "Sew sofa cushions out of silk": {
        "Carry out transports": 3.182506464076894,
        "Look after toddlers": 3.3930594368974507,
        "Do painting work": 3.400162787031197,
        "Do shopping": 3.5171742200805665,
        "Clean kitchen": 3.547858265465498,
        "Sewing": 3.683616366783428,
        "Baby care": 3.68430629080267,
        "Advise child care": 3.7108639248732787,
        "Teach basic cooking": 3.7170040473118884,
        "Maintain laundry": 3.7463364008492945,
        "Cultivate garden": 3.774671798972559,
        "Clean outdoor seating": 3.7875921839702804,
        "Provide knowledge of wine": 3.812457543814301,
        "Walk a dog": 3.881233049978828,
        "Dog training": 3.886301062475395,
        "Chinese gourmet cuisine": 4.195482526850826
    },